{
  "E:\\Nest\\2026\\05. Mei 2026\\wa-sent\\eslint.config.mjs": 1778472698.8526187,
  "E:\\Nest\\2026\\05. Mei 2026\\wa-sent\\src\\app.module.ts": 1778473288.8911903,
  "E:\\Nest\\2026\\05. Mei 2026\\wa-sent\\src\\main.ts": 1778473286.876155,
  "E:\\Nest\\2026\\05. Mei 2026\\wa-sent\\src\\health\\health.controller.ts": 1778473450.673889,
  "E:\\Nest\\2026\\05. Mei 2026\\wa-sent\\src\\health\\health.module.ts": 1778473442.9659288,
  "E:\\Nest\\2026\\05. Mei 2026\\wa-sent\\src\\logger\\logger.module.ts": 1778473304.4177878,
  "E:\\Nest\\2026\\05. Mei 2026\\wa-sent\\src\\logger\\logger.service.ts": 1778473305.8328564,
  "E:\\Nest\\2026\\05. Mei 2026\\wa-sent\\src\\scheduler\\report-scheduler.service.ts": 1778895405.1082504,
  "E:\\Nest\\2026\\05. Mei 2026\\wa-sent\\src\\scheduler\\scheduler.controller.ts": 1778493464.1086297,
  "E:\\Nest\\2026\\05. Mei 2026\\wa-sent\\src\\scheduler\\scheduler.module.ts": 1778474706.245754,
  "E:\\Nest\\2026\\05. Mei 2026\\wa-sent\\src\\screenshot\\screenshot.module.ts": 1778473395.357345,
  "E:\\Nest\\2026\\05. Mei 2026\\wa-sent\\src\\screenshot\\screenshot.service.ts": 1778474928.41831,
  "E:\\Nest\\2026\\05. Mei 2026\\wa-sent\\src\\whatsapp\\whatsapp.controller.ts": 1778571799.2841637,
  "E:\\Nest\\2026\\05. Mei 2026\\wa-sent\\src\\whatsapp\\whatsapp.module.ts": 1778473355.8325014,
  "E:\\Nest\\2026\\05. Mei 2026\\wa-sent\\src\\whatsapp\\whatsapp.service.ts": 1778895405.4176018,
  "E:\\Nest\\2026\\05. Mei 2026\\wa-sent\\test\\app.e2e-spec.ts": 1778472698.8606591,
  "E:\\Nest\\2026\\05. Mei 2026\\wa-sent\\deploy.txt": 1778893497.3611922,
  "E:\\Nest\\2026\\05. Mei 2026\\wa-sent\\README.md": 1778596146.3821735
}